Nome;Nome Empresarial;Cnes;CNPJ;Logradouro;Numero;Complemento;Bairro;Municipio;UF;CEP;Telefone
LUCIANA LISBOA CRISTOVAO DOS SANTOS;LUCIANA LISBOA CRISTOVAO DOS SANTOS;6102786;---;AV JOSE AUGUSTO MOREIRA;975;CASA 10;CASA CAIADA;260960 - OLINDA;PE;53130-410;--
A ALFA ODONTOLOGIA TODAS AS ESPECIALIDADES INTEGRADAS;A ALFA ODONTOLOGIA TODAS AS ESPECIALIDADES INTEGRADAS LTDA;6999034;14.745.904/0003-12;AVENIDA GETULIO VARGAS;1605;SALA 56;BAIRRO NOVO;260960 - OLINDA;PE;53030-010;--
LUCIANA PACHECO ROCHA LIMA;LUCIANA PACHECO ROCHA LIMA;6161693;---;AV FAGUNDES VARELA;493;;JARDIM ATLANTICO;260960 - OLINDA;PE;53140-080;(81)3431-0530
ACADEMIA DA SAUDE ALTO DA CONQUISTA;ACADEMIA MARCOS SOARES;6884180;---;RUA TIJUCA;S/N;;AGUAS COMPRIDAS;260960 - OLINDA;PE;53190-000;--
LUCIANE BANDEIRA DE QUEIROZ;LUCIANE BANDEIRA DE QUEIROZ;6092489;---;AV MINISTRO MARCOS FREIRE;1615;SALA 103;BAIRRO NOVO;260960 - OLINDA;PE;53030-000;(81)3439-4486
ACADEMIA DA SAUDE SANTA TEREZA;PREFEITURA MUNICIPAL DE OLINDA;9127577;---;RUA DUARTE COELHO;S/N;;SANTA TEREZA;260960 - OLINDA;PE;53010-010;(81)99112-4850
MARA CRISTINA TOLEDO PEREIRA;MARA CRISTINA TOLEDO PEREIRA;3679640;---;AV JOSE AUGUSTO MOREIRA;787;;CASA CAIADA;260960 - OLINDA;PE;53130-410;(81)3432-1270
ADRIANA RODRIGUES ARRAES MENDONCA;ADRIANA RODRIGUES ARRAES MENDONCA;5303745;---;AVENIDA MARCOS FREIRE;1615;SALA 304;BAIRRO NOVO;260960 - OLINDA;PE;53030-000;(81)3429-1699
MARCIO DE NOVAES LIMA FERREIRA;MARCIO DE NOVAES LIMA FERREIRA;3709949;---;AVENIDA JOSE AUGUSTO MOREIRA;787;;CASA CAIADA;260960 - OLINDA;PE;53130-410;--
AMBULANCIA USB 01 OLINDA;PREFEITURA MUNICIPAL DE OLINDA;7307691;---;AVENIDA SANTOS DUMONT;177;;VARADOURO;260960 - OLINDA;PE;53010-230;--
MARIA DA CONCEICAO DE OLIVEIRA CAMARA;MARIA DA CONCEICAO DE OLIVEIRA CAMARA;6111572;---;AV MIN MARCOS FREIRE;1615;SALA 206;BAIRRO NOVO;260960 - OLINDA;PE;53030-030;(81)3429-9422
AMBULANCIA USB 03 OLINDA;PPREFEITURA MUNICIPAL DE OLINDA;7307756;---;AVENIDA SANTOS DUMONT;177;;VARADOURO;260960 - OLINDA;PE;53010-230;--
MARIA DA SALETE BEZERRA MARTINS;MARIA DA SALETE BEZERRA MARTINS;6098568;---;AV CARLOS DE LIMA CAVALCANTE;2371;;CASA CAIADA;260960 - OLINDA;PE;53040-000;(81)3432-0357
AMBULATORIO SAO LUCAS;CENTRO SOCIAL MIZAEL MONTENEGRO FILHO;2345161;10.579.324/0016-66;RUA CATARINA BATISTA DE ALENCAR;791;;CASA CAIADA;260960 - OLINDA;PE;53130-020;(81)3431-0708
MARIA HELENA NOGUEIRA RAULINO DE SOUZA;MARIA HELENA NOGUEIRA RAULINO DE SOUZA;3687910;---;AV JOSE AUGUSTO NOGUEIRA;787;;CASA CAIADA;260960 - OLINDA;PE;53130-410;(81)3432-1270
ANNA ELIZABETH FERNANDES DE CARVALHO;ANNA ELIZABETH FERNANDES DE CARVALHO;3872203;---;AV DR JOSE AUGUSTO MOREIRA;1049;;CASA CAIADA;260960 - OLINDA;PE;53130-410;(81)3431-0984
VERONICA PIRRO AYRES;VERONICA PIRRO AYRES;7970919;---;AVENIDA GETULIO VARGAS;1832;;BAIRRO NOVO;260960 - OLINDA;PE;53030-010;--
VANESSA BARBOSA SOBRAL DE LIMA;VANESSA BARBOSA SOBRAL DE LIMA;6431976;---;AV PROFESSOR ANDRADE BEZERRA;1442;;SALGADINHO;260960 - OLINDA;PE;53110-110;(81)3426-3841
VACCINE CLINICA DE VACINACAO E IMUNIZACAO LTDA;VACCINE CLINICA DE VACINACAO E IMUNIZACAO LTDA;9378197;02.518.403/0002-33;GETULIO VARGAS;1605;;BAIRRO NOVO;260960 - OLINDA;PE;53030-010;(81)3221-4876
USF VILA TAMANDARE;PREFEITURA MUNICIPAL DE OLINDA;6412882;---;RUA JOSE CAROLINO;388;;VILA TAMANDARE;260960 - OLINDA;PE;53260-200;--
USF VILA SAO BENTO;PREFEITURA MUNICIPAL DE OLINDA;5915201;---;RUA CECILIA MEIRELLES;20;;GUADALUPE;260960 - OLINDA;PE;53320-530;--
USF VILA POPULAR;PREFEITURA MUNICIPAL DE OLINDA;5367980;---;RUA VITAL BRASIL;475;;VILA POPULAR;260960 - OLINDA;PE;53230-390;(81)9921-9413
USF VILA MANCHETE;PREFEITURA MUNICIPAL DE OLINDA;6363725;---;R GENIPAPO;S/N;;OURO PRETO;260960 - OLINDA;PE;53330-570;--
USF TORRES GALVAO;PREFEITURA MUNICIPAL DE OLINDA;5554071;---;AVENIDA LEOPOLDINO CANUTO DE MELO;S/N;;CAIXA DAGUA;260960 - OLINDA;PE;53210-000;--
USF SALGADINHO SITIO NOVO;PREFEITURA MUNICIPAL DE OLINDA;2664054;---;RUA ISABEL BURGO VIEIRA FERREIRA;146;;SALGADINHO;260960 - OLINDA;PE;53110-490;(81)3426-5878
USF RIO DOCE I E II;PREFEITURA MUNICIPAL DE OLINDA;3319253;---;RUA TRINTA E UM;155;IV ETAPA;RIO DOCE;260960 - OLINDA;PE;53080-080;(81)3432-6824
USF PASSARINHO;PREFEITURA MUNICIPAL DE OLINDA;2344904;---;ESTRADA DO PASSARINHO;956;;PASSARINHO;260960 - OLINDA;PE;53170-110;(81)3441-8165
USF OURO PRETO;PREFEITURA MUNICIPAL DE OLINDA;3224732;---;RUA BAOBA;S/N;;OURO PRETO;260960 - OLINDA;PE;53370-490;(81)3439-2838
USF JATOBA;PREFEITURA MUNICIPAL DE OLINDA;5367999;---;RUA JOAO FIGUEIREDO MAIA;97;;JATOBA;260960 - OLINDA;PE;53370-670;(81)3439-2354
USF JARDIM FRAGOSO BEIRA RIO I E II;PREFEITURA MUNICIPAL DE OLINDA;2345293;---;RUA HUMBERTO DE LIMA MENDES;S/N;;JARDIM FRAGOSO;260960 - OLINDA;PE;53130-090;(81)3429-8602
USF JARDIM BRASIL V EQUIPE I E II;PREFEITURA MUNICIPAL DE OLINDA;2344947;---;RUA MARECHAL CASTELO BRANCO;S/N;;JARDIM BRASIL V;260960 - OLINDA;PE;53270-245;--
USF JARDIM BRASIL II;PREFEITURA MUNICIPAL DE OLINDA;3872181;---;AV ANTONIO COSTA AZEVEDO;S/N;;JARDIM BRASIL II;260960 - OLINDA;PE;53300-390;(81)3244-4325
USF JARDIM ATLANTICO II;PREFEITURA MUNICIPAL DE OLINDA;2815176;---;RUA RUTILO;29;;JARDIM ATLANTICO;260960 - OLINDA;PE;53060-360;--
USF ILHA DO MARUIM;PREFEITURA MUNICIPAL DE OLINDA;2345129;---;I TRAVESSA DE SANTA TEREZA;214;;SANTA TEREZA;260960 - OLINDA;PE;53110-000;(81)3439-2601
USF ILHA DE SANTANA I E II;PREFEITURA MUNICIPAL DE OLINDA;2344696;---;RUA DA INTEGRACAO;S/N;;JARDIM ATLANTICO;260960 - OLINDA;PE;53060-001;(81)3432-4703
USF ILHA DE SANTANA I;PREFEITURA MUNICIPAL DE OLINDA;2344831;---;RUA DA UNIAO;58;;ILHA DE SANTANA;260960 - OLINDA;PE;53050-190;(81)3432-3411
USF DO VARADOURO I E II;PREFEITURA MUNICIPAL DE OLINDA;2344750;---;AVENIDA JOAQUIM NABUCO;747;;VARADOURO;260960 - OLINDA;PE;53020-310;(81)3439-3500
USF DE SAPUCAIA II E III;PREFEITURA MUNICIPAL DE OLINDA;2344874;---;RUA 02 DE FEVEREIRO;S/N;;SAPUCAIA;260960 - OLINDA;PE;53270-260;(81)3443-5201
USF DE SAPUCAIA I;PREFEITURA MUNICIPAL DE OLINDA;6680526;---;RUA PETROPOLIS;294;;SAPUCAIA DE DENTRO;260960 - OLINDA;PE;53280-060;--
USF COHAB PEIXINHOS I II III;PREFEITURA MUNICIPAL DE OLINDA;2344793;---;AV NACIONAL;S/N;;PEIXINHOS;260960 - OLINDA;PE;53220-460;(81)3427-9591
USF COHAB 7 RO;PREFEITURA MUNICIPAL DE OLINDA;2344777;---;RUA MANUEL CLEMENTINO MARQUES;S/N;;COHAB 7 RO;260960 - OLINDA;PE;53330-170;(81)3429-5515
USF CIDADE TABAJARA II;PREFEITURA MINICIPAL DE OLINDA;2345072;---;RUA NEVADA;14;;CIDADE TABAJARA;260960 - OLINDA;PE;53350-200;(81)3433-8970
USF CIDADE TABAJARA I E II;PREFEITURA MUNICIPAL DE OLINDA;5601894;---;RUA NEVADA;100;;CIDADE TABAJARA;260960 - OLINDA;PE;53360-150;(81)3437-6719
USF CAIXA DAGUA I E II;PREFEITURA MUNICIPAL DE OLINDA;2345315;---;RUA FRANCISCO GOMES;S/N;;CAIXA DAGUA;260960 - OLINDA;PE;53210-230;(81)3443-5667
USF BULTRINS MONTE II;PREFEITURA MUNICIPAL DE OLINDA;2569302;---;RUA PREFEITO MANOEL REGUEIRA;540;;BULTRINS;260960 - OLINDA;PE;53320-460;(81)3493-0626
USF BULTRINS MONTE I E II;PREFEITURA MUNICIPAL DE OLINDA;5720141;---;RUA PROFESSOR MANOEL REGUEIRA;821;;BULTRINS;260960 - OLINDA;PE;53320-491;(81)3494-0177
USF BONSUCESSO II;PREFEITURA MUNICIPAL DE OLINDA;7763646;---;RUA BONIFACIO JANSEN;105;;BONSUCESSO;260960 - OLINDA;PE;53240-140;--
USF BONSUCESSO I;PREFEITURA MUNICIPAL DE OLINDA;3842282;---;AV MARIO MELO;27;;BONSUCESSO;260960 - OLINDA;PE;53240-160;(81)3429-5484
USF BEIRA MANGUE I E II;PREFEITURA MUNICIPAL DE OLINDA;2344785;---;RUA CINCO;S/N;I ETAPA;RIO DOCE;260960 - OLINDA;PE;53070-191;(81)3432-2587
USF BASE RURAL;PREFEITURA MUNICIPAL DE OLINDA;2345137;---;BASE RURAL;S/N;;OURO PRETO;260960 - OLINDA;PE;53120-970;(81)9964-7855
USF AZEITONA II;PREFEITURA MUNICIPAL DE OLINDA;2569310;---;RUA VELEIRO;559;;PEIXINHOS;260960 - OLINDA;PE;53220-790;--
USF AZEITONA I E II;PREFEITURA MUNICIPAL DE OLINDA;2345080;---;RUA VELEIRO;559;;PEIXINHOS;260960 - OLINDA;PE;53220-790;--
USF AMARO BRANCO;PREFEITURA MUNICIPAL DE OLINDA;3842320;---;RUA CLAUDINO LEAL;64;;BAIRRO NOVO;260960 - OLINDA;PE;53030-280;(81)3429-5476
USF ALTO NOVA OLINDA;PREFEITURA MUNICIPAL DE OLINDA;2344815;---;AVENIDA CASTRO ALVES;777;;ALTO NOVA OLINDA;260960 - OLINDA;PE;53180-210;--
USF ALTO DO SOL NASCENTE;PREFEITURA MUNICIPAL DE OLINDA;2345013;---;RUA ASSUNCAO;500;;AGUAS COMPRIDAS;260960 - OLINDA;PE;53200-210;(81)3443-8181
USF ALTO DO CAJUEIRO;PREFEITURA MUNICIPAL DE OLINDA;2345366;---;RUA RAIMUNDO DA CONCEICAO;300;;ALTO DO CAJUEIRO;260960 - OLINDA;PE;53160-110;--
USF ALTO DA MINA;PREFEITURA MUNICIPAL DE OLINDA;2344637;---;RUA AVENCA;49;;ALTO DA MINA;260960 - OLINDA;PE;53250-441;(81)3305-1133
USF ALTO DA CONQUISTA I E II;PREFEITURA MUNICIPAL DE OLINDA;2344645;---;RUA DA TIJUCA;S/N;;ALTO DA CONQUISTA;260960 - OLINDA;PE;53190-000;(81)3443-0051
USF ALTO DA BONDADE II;PREFEITURA MUNICIPAL DE OLINDA;2344920;---;RUA DA LINHA;906;;ALTO DA BONDADE;260960 - OLINDA;PE;53170-285;(81)3444-9524
USF ALTO DA BONDADE I;PREFEITURA MUNICIPAL DE OLINDA;2344912;---;RUA DA LINHA;S/N;;ALTO DA BONDADE;260960 - OLINDA;PE;53170-285;(81)3443-1561
USF AGUAS COMPRIDAS III;PREFEITURA MUNICIPAL DE OLINDA;2344939;---;ESTRADA DE AGUAS COMPRIDAS;244;;AGUAS COMPRIDAS;260960 - OLINDA;PE;53160-800;--
USF AGUAS COMPRIDAS I E II;PREFEITURA MUNICIPAL DE OLINDA;2345048;---;ESTRADA DE AGUAS COMPRIDAS;S/N;;AGUAS COMPRIDAS;260960 - OLINDA;PE;53160-800;(81)3443-1566
URGENCIA GERAL DE OLINDA;UNIMED RECIFE COOPERATIVA DE TRABALHO MEDICO;6390935;11.214.624/0003-90;AV GOV CARLOS DE LIMA CAVALCANTI;1475;;BAIRRO NOVO;260960 - OLINDA;PE;53130-515;(81)3301-5522
UPA OLINDA;SECRETARIA DE SAUDE;6443397;10.572.048/0010-19;RODOVIA PE 15 AVENIDA JOAQUIM NABUCO;S/N;;CIDADE TABAJARA;260960 - OLINDA;PE;53250-005;(81)3184-4309
UNIVIDA;CONSULTORIOS MEDICOS DE OLINDA S C LTDA;6203124;41.089.921/0001-50;AV JOSE AUGUSTO MOREIRA;975;CASA 15;CASA CAIADA;260960 - OLINDA;PE;53130-410;(81)3431-2900
UNISAUDE;UNISAUDE FONOAUDIOLOGIA E FISIOTERAPIA;6759386;12.972.970/0001-38;AV MINISTRO MARCOS FREIRE;1065;LOJA 01;BAIRRO NOVO;260960 - OLINDA;PE;53130-540;--
UNIGASTRO;UNIDADE DE ENDOSCOPIA DO MEMORIAL SAO JOSE LTDA;7944756;70.209.192/0003-98;AVENIDA DR JOSE AUGUSTO MOREIRA;810;SUBSOLO;CASA CAIADA;260960 - OLINDA;PE;53130-410;(81)3014-0021
UNIFOPE;UNIFOPE UNIDADE DE FONOAUDIOLOGIA DE PERNAMBUCO LTDA;5998735;10.246.666/0001-88;AV PRESIDENTE GETULIO VARGAS;1009;;BAIRRO NOVO;260960 - OLINDA;PE;53030-010;(81)3429-1746
UNIDADE MOVEL;PREFEITURA MUNICIPAL DE OLINDA;2571943;---;RUA DO SOL;311;;CARMO;260960 - OLINDA;PE;53120-010;(81)3429-4465
UNIDADE DE VIGILANCIA A SAUDE;PREFEITURA MUNICIPAL DE OLINDA;2664046;---;RUA DO SOL;311;;CARMO;260960 - OLINDA;PE;53120-010;--
ULTRASSON N S ROSA MISTICA;CLINICA ULTRASSONOGRAFIA N S ROSA MISTICA S S LTDA;2345153;86.842.226/0001-55;PRACA JOAO PESSOA;37;;CARMO;260960 - OLINDA;PE;53120-500;(81)3439-1540
ULTRA OLINDA;SERVICO DE ULTRASONOGRAFIA DE OLINDA;3184218;01.185.640/0001-86;PRACA DOZE DE MARCO;36;SL 01 E 02;BAIRRO NOVO;260960 - OLINDA;PE;53030-110;(81)3429-2889
TULIO CABRAL DE VASCONCELLOS CARDOSO;TULIO CABRAL DE VASCONCELLOS CARDOSO;6050700;---;R CORONEL JOAO JOAQUIM ANTUNES;284;;BAIRRO NOVO;260960 - OLINDA;PE;53030-140;(81)3429-3095
TOP MEDICAL CENTER;OLINDA MEDICAL CENTER LTDA;2815168;05.048.054/0001-40;AV GETULIO VARGAS;1375;;BAIRRO NOVO;260960 - OLINDA;PE;53030-010;(81)3439-4166
TEREZA CRISTINA ALBUQUERQUE DE ARAUJO;TEREZA CRISTINA ALBUQUERQUE DE ARAUJO;6511201;---;RUA CLETO CAMPELO;10;;BAIRRO NOVO;260960 - OLINDA;PE;53030-020;(81)3429-4287
TEODORICO SOUSA LEITE NETO;TEODORICO SOUSA LEITE NETO;3727432;---;AV JOSE AUGUSTO MOREIRA;750;;CASA CAIADA;260960 - OLINDA;PE;53130-410;(81)3432-6628
TANIA MARIA TOSCANO BRITO;TANIA MARIA TOSCANO BRITO;7242891;---;AVENIDA GETULIO VARGAS;1348;SALA 07;BAIRRO NOVO;260960 - OLINDA;PE;53030-030;--
TANIA MARIA ARAUJO FIGUEIRA;TANIA MARIA ARAUJO FIGUEIRA;3679683;---;AV JOSE AUGUSTO MOREIRA;1201;;CASA CAIADA;260960 - OLINDA;PE;53130-000;(81)3432-0946
TANIA BARROS DE SOUZA;CONSULTORIO ODONTOLOGICO;5130069;---;RUA JOSE AUGUSTO DA SILVA BRAGA;857;;BAIRRO NOVO;260960 - OLINDA;PE;53030-080;(81)3439-1345
SPA OLINDA;PREFEITURA MUNICIPAL DE OLINDA;2345021;---;AV COSTA AZEVEDO;S/N;;PEIXINHOS;260960 - OLINDA;PE;53300-000;--
SOS RENAL;RENAL SERVICES LTDA;3240509;01.438.059/0001-29;AV JOSE AUGUSTO MOREIRA;1074;;CASA CAIADA;260960 - OLINDA;PE;53130-410;(81)3431-6662
SONIA MARIA PAES DE ANDRADE;SONIA MARIA PAES DE ANDRADE;6334334;---;R CAETANO RIBEIRO;69;AP 102;CASA CAIADA;260960 - OLINDA;PE;53130-440;(81)3431-4342
SONIA FREYRE COSTA;SONIA FREYRE COSTA;6725546;---;RUA MANOEL GRACILIANO DE SOUZA;1002;SALA 103;JARDIM ATLANTICO;260960 - OLINDA;PE;53140-170;--
SOLB;SOLB SERVICO DE ORTOPEDIA LUIZ BRAGA LTDA ME;7546734;17.339.717/0001-65;AVENIDA CARLOS DE LIMA CAVALCANTI;2434;;CASA CAIADA;260960 - OLINDA;PE;53130-410;--
SEVERINO GUEDES CORREA GONDIM NETO;SEVERINO GUEDES CORREA GONDIM NETO;3687848;---;AV JOSE AUGUSTO MOREIRA;787;;CASA CAIADA;260960 - OLINDA;PE;53130-410;(81)3432-1270
SERGIO ADAURY MAIA NUNES;SERGIO ADAURY MAIA NUNES;2504561;---;RUA CARLOS PAULINO;391;BLB APT 204;JARDIM ATLANTICO;260960 - OLINDA;PE;53140-000;(81)9973-5312
SEOPE 2;SERVICO OFTALMOLOGICO DE PERNAMBUCO LTDA;2571528;35.470.574/0002-99;AV JOSE AUGUSTO MOREIRA;1745;;CASA CAIADA;260960 - OLINDA;PE;53130-410;--
SEMOCC;SERVICO MEDICO ODONTOLOGICO CASA CAIADA;2345269;01.458.234/0001-40;AV JOSE AUGUSTO MOREIRA;975;CASA 5;CASA CAIADA;260960 - OLINDA;PE;53130-410;(81)3431-0412
SECRETARIA MUNICIPAL DE SAUDE DE OLINDA;PREFEITURA MUNICIPAL DE OLINDA;6539017;---;RUA DO SOL;311;;CARMO;260960 - OLINDA;PE;53120-010;(81)3305-1100
SANY MARIA SIVINI SOUSA;SANY MARIA SIVINI SOUSA;3760456;---;AV MINISTRO MARCOS FREIRE;1615;;BAIRRO NOVO;260960 - OLINDA;PE;53030-000;(81)3051-2959
SOS RENAL;RENAL SERVICES LTDA;3240509;01.438.059/0001-29;AV JOSE AUGUSTO MOREIRA;1074;;CASA CAIADA;260960 - OLINDA;PE;53130-410;(81)3431-6662
SONIA MARIA PAES DE ANDRADE;SONIA MARIA PAES DE ANDRADE;6334334;---;R CAETANO RIBEIRO;69;AP 102;CASA CAIADA;260960 - OLINDA;PE;53130-440;(81)3431-4342
SONIA FREYRE COSTA;SONIA FREYRE COSTA;6725546;---;RUA MANOEL GRACILIANO DE SOUZA;1002;SALA 103;JARDIM ATLANTICO;260960 - OLINDA;PE;53140-170;--
SOLB;SOLB SERVICO DE ORTOPEDIA LUIZ BRAGA LTDA ME;7546734;17.339.717/0001-65;AVENIDA CARLOS DE LIMA CAVALCANTI;2434;;CASA CAIADA;260960 - OLINDA;PE;53130-410;--
SEVERINO GUEDES CORREA GONDIM NETO;SEVERINO GUEDES CORREA GONDIM NETO;3687848;---;AV JOSE AUGUSTO MOREIRA;787;;CASA CAIADA;260960 - OLINDA;PE;53130-410;(81)3432-1270
SERGIO ADAURY MAIA NUNES;SERGIO ADAURY MAIA NUNES;2504561;---;RUA CARLOS PAULINO;391;BLB APT 204;JARDIM ATLANTICO;260960 - OLINDA;PE;53140-000;(81)9973-5312
SEOPE 2;SERVICO OFTALMOLOGICO DE PERNAMBUCO LTDA;2571528;35.470.574/0002-99;AV JOSE AUGUSTO MOREIRA;1745;;CASA CAIADA;260960 - OLINDA;PE;53130-410;--
SEMOCC;SERVICO MEDICO ODONTOLOGICO CASA CAIADA;2345269;01.458.234/0001-40;AV JOSE AUGUSTO MOREIRA;975;CASA 5;CASA CAIADA;260960 - OLINDA;PE;53130-410;(81)3431-0412
SECRETARIA MUNICIPAL DE SAUDE DE OLINDA;PREFEITURA MUNICIPAL DE OLINDA;6539017;---;RUA DO SOL;311;;CARMO;260960 - OLINDA;PE;53120-010;(81)3305-1100
SANY MARIA SIVINI SOUSA;SANY MARIA SIVINI SOUSA;3760456;---;AV MINISTRO MARCOS FREIRE;1615;;BAIRRO NOVO;260960 - OLINDA;PE;53030-000;(81)3051-2959
PROOTORRINOS;CLINICA DR ANTONIO ANTUNES LTDA;3186741;70.055.538/0001-89;AV JOSE AUGUSTO MOREIRA;685;;CASA CAIADA;260960 - OLINDA;PE;53130-410;(81)3492-2695
PRONTOCENTRO;LEAO E GONDIM MEDICOS ASSOCIADOS LTDA;3688259;03.706.149/0001-89;AV JOSE AUGUSTO MOREIRA;787;SALA 03;CASA CAIADA;260960 - OLINDA;PE;53130-410;(81)3432-1270
PRONTIMAGEM;PRONTO IMAGEM SERVICOS MEDICOS LTDA;2345242;01.340.977/0001-10;AV JOSE AUGUSTO MOREIRA;811;;CASA CAIADA;260960 - OLINDA;PE;53130-410;(81)34321-3400
PROCLIN;GRUPO DE CLINICA MEDICA DE OLINDA;6130380;35.330.505/0001-07;AV JOSE AUGUSTO MOREIRA;787;1 ANDAR;CASA CAIADA;260960 - OLINDA;PE;53130-410;(81)3431-1889
PRO SORRINDO;F F ORTODONTIA E ODONTOLOGIA LTDA;6127886;09.409.993/0001-24;AV DR JOSE AUGUSTO MOREIRA;1241;;CASA CAIADA;260960 - OLINDA;PE;53130-410;--
PREVIDENTE;LAIS ROBERTA DOS SANTOS LOPES OLIVEIRA LTDA;7618131;---;AV PRESIDENTE GETULIO VARGAS;1605;SALA 39;BAIRRO NOVO;260960 - OLINDA;PE;53030-010;(81)3493-6124
PREVENCOR;CENTRO DE CARDIOLOGIA DIAGNOSTICA LTDA;3230872;35.715.085/0001-79;AV JOSE AUGUSTO MOREIRA;750;;CASA CAIADA;260960 - OLINDA;PE;53130-410;(81)3432-6628
POLICLINICA SAO BENEDITO;PREFEITURA MUNICIPAL DE OLINDA;2345064;---;RUA DUNAS;S/N;;SAO BENEDITO;260960 - OLINDA;PE;53270-380;(81)3443-0076
POLICLINICA RIO DOCE II ETAPA;PREFEITURA MUNICIPAL DE OLINDA;2344890;---;AV CORONEL FREDERICO LUNDGREN;S/N;MERCADO POPULAR;RIO DOCE;260960 - OLINDA;PE;53150-000;(81)3432-5499
POLICLINICA RIO DOCE;PREFEITURA MUNICIPAL DE OLINDA;2344998;---;RUA TRINTA E OITO;S/N;IV ETAPA;RIO DOCE;260960 - OLINDA;PE;53150-000;(81)9921-5098
POLICLINICA OURO PRETO;PREFEITURA MUNICIPAL DE OLINDA;2344726;---;RUA PEIXE AGULHA;S/N;;OURO PRETO;260960 - OLINDA;PE;53370-220;(81)3305-1128
POLICLINICA MARTAGAO GESTEIRA;PREFEITURA MUNICIPAL DE OLINDA;2344718;---;AV PROFESSOR ANDRADE BEZERRA;964;;SALGADINHO;260960 - OLINDA;PE;53110-000;(81)3242-7822
POLICLINICA JARDIM FRAGOSO;PREFEITURA MUNICIPAL DE OLINDA;2345056;---;RUA DR JOSE ALEXANDRE DE CARVALHO;S/N;;JARDIM FRAGOSO;260960 - OLINDA;PE;53250-150;(81)3439-7107
POLICLINICA DA MULHER SONY SANTOS;PREFEITURA MUNICIPAL DE OLINDA;2345307;---;AV PRESIDENTE KENNEDY;3433;;PEIXINHOS;260960 - OLINDA;PE;53260-640;(81)3426-9450
POLICLINICA DA MULHER;PREFEITURA MUNICIPAL DE OLINDA;6312527;---;AV GETULIO VARGAS;1059;;BAIRRO NOVO;260960 - OLINDA;PE;53030-010;(81)3439-4330
POLICLINICA BARROS BARRETO;PREFEITURA MUNICIPAL DE OLINDA;2344653;---;AV JUSTINO GONCALVES;S/N;;CARMO;260960 - OLINDA;PE;53020-040;(81)3305-1129
PLANO HUMANO PSICOLOGIA CLINICA ORGANIZACIONAL E DO TRABAL;PLANO HUMANO PSICOLOGIA CLINICA ORGANIZACIONAL E DO TRABAL;9065172;12.085.665/0001-24;RUA ALBERTO LUNDGREN;149;;BAIRRO NOVO;260960 - OLINDA;PE;53030-200;--
PAULA DE MENDONCA;PAULA DE MENDONCA;3479137;---;AV CARLOS DE LIMA CAVALCANTE;1875;1 ANDAR;CASA CAIADA;260960 - OLINDA;PE;53130-545;(81)3431-0547
PATRICIA KARLA GALVAO DE ARAUJO MANSUR;PATRICIA KARLA GALVAO DE ARAUJO MANSUR;5601444;---;RUA JORNALISTA LUIZ DE ANDRADE;209;1 ANDAR SALA 02;CASA CAIADA;260960 - OLINDA;PE;53130-290;(81)3051-2790
ORTOLAB;LABORATORIO DE PATOLOGIA CLINICA ORTOLAB LTDA;2571501;00.437.209/0001-17;AV GETULIO VARGAS;65;;BAIRRO NOVO;260960 - OLINDA;PE;53030-010;(81)3429-8413
ORTHODONTICS SMILE;ORTODONTIA DO SORRISO LTDA ME;7719981;17.854.780/0001-30;AVENIDA MINISTRO MARCOS FREIRE;1615;SALA 5A;BAIRRO NOVO;260960 - OLINDA;PE;53030-005;--
ODONTOOLINDA;A J CONSULTORIO ODONTOLOGICO LTDA;9319980;15.685.699/0001-48;GETULIO VARGAS;1605;SALA 56;BAIRRO NOVO;260960 - OLINDA;PE;53030-010;(81)3221-8065
ODONTO UNIMED OLINDA;UNIMED RECIFE COOPERATIVA DE TRABALHO MEDICO;6102867;---;AV MINISTRO MARCOS FREIRE;1068;GALERIA NOVO MUNDO;BAIRRO NOVO;260960 - OLINDA;PE;53030-000;--
ODONTO SIVINI;ODONTO SIVINI LTDA ME;7876696;11.155.346/0001-85;AVENIDA DR JOSE AUGUSTO MOREIRA;975;CASA 10;CASA CAIADA;260960 - OLINDA;PE;53130-410;(81)3203-2120
ODONTO GUARARAPES;ODONTO SAUDE LTDA;5181399;00.126.507/0003-58;AV MINISTRO MARCOS FREIRE;1615;SALA 05;BAIRRO NOVO;260960 - OLINDA;PE;53030-000;(81)3493-5962
NUCLEO ODONTOLOGICO;ODONTO ESPECIALIDADE DE OLINDA LTDA EPP;9196986;18.690.939/0001-90;PRESIDENTE GETULIO VARGAS;88;;BAIRRO NOVO;260960 - OLINDA;PE;53030-010;(81)3231-1712
NADJA MARIA SOARES ARAUJO;NADJA MARIA SOARES ARAUJO;6167802;---;AV MINISTRO MARCOS FREIRE;1615;SALA 111;BAIRRO NOVO;260960 - OLINDA;PE;53030-000;(81)3429-1699
MOTOLANCIA 01 OLINDA;PREFEITURA MUNICIPAL DE OLINDA;7307861;---;AVENIDA SANTOS DUMONT;177;;VARADOURO;260960 - OLINDA;PE;53010-230;--
MITZI GUEDES MENDONCA;MITZI GUEDES MENDONCA;3679608;---;AV JOSE AUGUSTO MOREIRA;787;;CASA CAIADA;260960 - OLINDA;PE;53130-410;(81)3432-1270
MIRACLE CIRURGIA PLASTICA E SERVICOS LTDA ME;MIRACLE CIRURGIA PLASTICA E SERVICOS LTDA ME;9159827;22.750.915/0001-57;AVENIDA DR JOSE AUGUSTO MOREIRA;685;SALA 01 TERREO;CASA CAIADA;260960 - OLINDA;PE;53130-410;--
MEDICAR;PRONTO CLINICA MED CARD LTDA;3184412;00.145.914/0001-40;AV JOSE AUGUSTO MOREIRA;720;CASA;CASA CAIADA;260960 - OLINDA;PE;53130-410;(81)3268-9700
MAXCLINICAS CLINICAS E DIAGNOSTICOS LTDA EPP;MAXCLINICAS CLINICAS E DIAGNOSTICOS LTDA EPP;5278058;08.239.833/0001-11;DR JOSE AUGUSTO MOREIRA;647;;CASA CAIADA;260960 - OLINDA;PE;53130-410;(81)3131-7800
MATERNO INFANTIL;CENTRO MATERNO INFANTIL DE OLINDA LTDA;2815141;02.562.275/0001-44;AV JOSE AUGUSTO MOREIRA;1241;;CASA CAIADA;260960 - OLINDA;PE;53130-410;(81)3432-6611
MATERNIDADE BRITES DE ALBUQUERQUE;PREFEITURA MUNICIPAL DE OLINDA;2344858;---;RODOVIA PE15 KM 2;S/N;;CIDADE TABAJARA;260960 - OLINDA;PE;53060-775;(81)3493-0827
MARTA PONTES;CONSULTORIO DE FONOAUDIOLOGIA MARTA PONTES LTDA;5921392;09.107.585/0001-18;RUA MANOEL DE ALMEIDA BELO;111;LJ 04;BAIRRO NOVO;260960 - OLINDA;PE;53030-030;(81)3053-4257
MARLENE COSTA DOS SANTOS;MARLENE COSTA DOS SANTOS;3459276;---;RUA PINTOR MANUEL BANDEIRA;90;;CASA CAIADA;260960 - OLINDA;PE;53130-270;(81)3431-1573
MARILIA SANTANA DE ALBUQUERQUE;MARILIA SANTANA DE ALBUQUERQUE;6781330;---;RUA PROFESSOR MARCOLINO BOTELHO;541;CASA;CASA CAIADA;260960 - OLINDA;PE;53130-150;--
MARIA MAGALI COELHO DA CUNHA PEDROZA;MARIA MAGALI COELHO DA CUNHA PEDROZA;3679659;---;AV JOSE AUGUSTO MOREIRA;787;;CASA CAIADA;260960 - OLINDA;PE;53130-410;(81)3432-1270
ANY ANGELICA SILVA ALVES;ANY ANGELICA SILVA ALVES;6092411;---;AV CARLOS DE LIMA CAVALCANTI;2335;SALA 09;CASA CAIADA;260960 - OLINDA;PE;53040-000;--
AMIGO DO PEITO DE OLINDA;MR DIAGNOSTICOS LTDA;7231857;---;RUA SAO MIGUEL;478;;BAIRRO NOVO;260960 - OLINDA;PE;53030-155;--
AMBULANCIA USB 04 OLINDA;PREFEITURA MUNICIPAL DE OLINDA;7307837;---;AVENIDA SANTOS DUMONT;177;;VARADOURO;260960 - OLINDA;PE;53010-230;--
AMBULANCIA USB 02 OLINDA;PREFEITURA MUNICIPAL DE OLINDA;7307721;---;AVENIDA SANTOS DUMONT;177;;VARADOURO;260960 - OLINDA;PE;53010-230;--
ALIANCE ODONTO TRATAMENTOS ESPECIALIZADOS;BRASIL TRATAMENTO DE SAUDE LTDA;6679021;11.284.695/0003-69;AV GETULIO VARGAS;1375;SALA A;BAIRRO NOVO;260960 - OLINDA;PE;53140-170;(81)3011-0444
ADELIA MARIA TRIGUEIRO DA SILVA TEIXEIRA;ADELIA MARIA TRIGUEIRO DA SILVA TEIXEIRA;5668891;---;AV MINISTRO MARCOS FREIRE;1615;SALA 207;BAIRRO NOVO;260960 - OLINDA;PE;53030-000;--
ACADEMIA DA SAUDE DE RIO DOCE;PREFEITURA MUNICIPAL DE OLINDA;7680856;---;RUA DAS MARGARIDAS;S/N;QUARTA ETAPA;RIO DOCE;260960 - OLINDA;PE;53150-600;--
A MEDICINA DIAGNOSTICA;FLEURY S A;9159894;60.840.055/0284-94;AVENIDA DOUTOR JOSE AUGUSTO MOREIRA;1049;;CASA CAIADA;260960 - OLINDA;PE;53130-410;--
LUCIANA LEAL PEDROSA;LUCIANA LEAL PEDROSA;5195144;---;AV MINISTRO MARCOS FREIRE;1615;SALA 208;BAIRRO NOVO;260960 - OLINDA;PE;53030-000;(81)3429-1699
LUCIA REIS;LUCIA HELENA MARTINS REIS;3541924;---;AV FAGUNDES VARELA;110;LOJA 102;JARDIM ATLANTICO;260960 - OLINDA;PE;53140-080;(81)8134-3269
LUCIA MARIA PRAZERES TEIXEIRA;LUCIA MARIA PRAZERES TEIXEIRA;7035608;---;AVENIDA MINISTRO MARCOS FREIRE;1615;SALA 309;CASA CAIADA;260960 - OLINDA;PE;53030-000;--
LUCIA BETANIA TAVARES DA SILVA;LUCIA BETANIA TAVARES DA SILVA;5322073;---;AVENIDA GETULIO VARGAS;1009;SALA 01;BAIRRO NOVO;260960 - OLINDA;PE;53030-010;(81)3429-0335
LILIAN MARIA MARINHO DA SILVA;LILIAN MARIA MARINHO DA SILVA;3760448;---;AVENIDA MARCOS FREIRE;1615;SALA 102;BAIRRO NOVO;260960 - OLINDA;PE;53030-000;(81)3432-3992
LILIAN BASTOS GUEDES NORONHA;LILIAN BASTOS GUEDES NORONHA;6132715;---;AV DR JOSE AUGUSTO MOREIRA;1145;;CASA CAIADA;260960 - OLINDA;PE;53130-030;(81)3431-3708
LIAC;LABORATORIO INTEGRADOS DE ANALISES CLINICAS LTDA;2345277;02.187.491/0001-57;PRACA 12 DE MARCO;3;;BAIRRO NOVO;260960 - OLINDA;PE;53030-010;(81)3002-5255
LACOP;LABORATORIO DE ANALISES CLINICAS DE OURO PRETO;2345188;01.115.911/0001-27;RUA AGUA PRETA;S/N;QD E19 LOTE 15;OURO PRETO;260960 - OLINDA;PE;53030-050;(81)3429-6929
LACOL;LABORATORIO DE ANALISES CLINICAS DE OLINDA;3230880;05.024.626/0001-51;AV DAS GARCAS;250;V ETAPA;RIO DOCE;260960 - OLINDA;PE;53080-800;(81)3492-5467
LABORATORIO MUNICIPAL DE SAUDE PUBLICA DE OLINDA;PREFEITURA MUNICIPAL DE OLINDA;3727599;---;RODOVIA PE 15 KM 2;S/N;;CIDADE TABAJARA;260960 - OLINDA;PE;53060-685;--
LABORATORIO MARCELO MAGALHAES S A;LABORATORIO MARCELO MAGALHAES S A;9065148;11.696.937/0007-55;AVENIDA GETULIO VARGAS;1735;;BAIRRO NOVO;260960 - OLINDA;PE;53030-010;(81)3421-9000
;;;---;;;;;-;;---;
JOAO M VIEIRA COSTA LTDA;JOAO M VIEIRA COSTA LTDA;3779114;03.227.793/0001-74;AV GETULIO VARGAS;1375;SALA 05;BAIRRO NOVO;260960 - OLINDA;PE;53030-010;(81)3439-4166
JANILDE JOSE MARQUES DA FONSECA;JANILDE JOSE MARQUES DA FONSECA;6565298;---;AV GETULIO VARGAS;328;SALA 19;BAIRRO NOVO;260960 - OLINDA;PE;53240-371;(81)3052-0145
INSTITUTO DE APOIO A RESSOCIALIZACAO EM SAUDE MENTAL;INSTITUTO DE APOIO A RESSOCIALIZCAO EM SAUDE MENTAL;7748027;07.465.444/0001-41;AVENIDA DR JOAQUIM NABUCO;1450;ANEXO A;GUADALUPE;260960 - OLINDA;PE;53020-310;(81)3429-3462
IMEPE;IMEPE INSTITUTO DE MEDICINA ESPECIALIZADA DE PERNAMBUCO LTDA;7642288;13.882.807/0001-47;AVENIDA BRASILIA;685;CASA;JARDIM BRASIL;260960 - OLINDA;PE;53230-710;--
HOSPITAL SAO SALVADOR;MEIOS DE PROMOCAO DE SAUDE LTDA;3015920;12.156.837/0001-03;AV GETULIO VARGAS;1937;;BAIRRO NOVO;260960 - OLINDA;PE;53030-010;(81)3429-4555
HOSPITAL ESPERANCA OLINDA;REDE DOR SAO LUIZ S A;2344807;06.047.087/0012-91;AV JOSE AUGUSTO MOREIRA;810;;CASA CAIADA;260960 - OLINDA;PE;53130-410;(81)3432-8000
HOSPITAL DO TRICENTENARIO;HOSPITAL DO TRICENTENARIO;2344882;10.583.920/0001-33;RUA FARIAS NEVES SOBRINHO;232;;BAIRRO NOVO;260960 - OLINDA;PE;53120-420;(81)3429-2622
HEMOLAB;HEMOLAB DIAGNOSTICOS LTDA;2345218;01.393.613/0001-07;AVENIDA BRASIL;52;II ETAPA;RIO DOCE;260960 - OLINDA;PE;53150-470;--
GRUPAMENTO DE BOMBEIROS DE MEDICINA PREHOSPITALAR;CORPO DE BOMBEIROS MILITAR DE PERNAMBUCO;2435608;00.358.773/0007-30;AV PRESIDENTE KENNED;141;;SANTA TEREZA;260960 - OLINDA;PE;53010-120;(81)3429-8890
GASTROLINDA;GASTROLINDA LTDA EPP;3841774;01.050.827/0001-72;AV CARLOS DE LIMA CAVALCANTI;2575;;CASA CAIADA;260960 - OLINDA;PE;53030-260;(81)3431-3933
FREDERICO ALLEVATO RAMALHO;FREDERICO ALLEVATO RAMALHO;3702936;---;AV JOSE AUGUSTO MOREIRA;1205;;CASA CAIADA;260960 - OLINDA;PE;53150-410;(81)3432-3992
FONOLINDA CLINICA MEDICA E FONOAUDIOLOGICA;FONOLINDA CLINICA MEDICA E FONOAUDIOLOGICA DE OLINDA LTDA;6691269;10.898.903/0001-95;AV DR JOSE AUGUSTO MOREIRA;975;CASA 13;CASA CAIADA;260960 - OLINDA;PE;53130-410;(81)3431-0714
FMC;FMC QUALIDADE DE VIDA PSICOLOGIA E CONSULTORIA LTDA;7482507;19.460.219/0001-00;AVENIDA MINISTRO MARCOS FREIRE;1615;SALA 113;BAIRRO NOVO;260960 - OLINDA;PE;53030-005;--
FLORA FERREIRA FILHA;FLORA FERREIRA FILHA;3679624;---;AV JOSE AUGUSTO MOREIRA;787;;CASA CAIADA;260960 - OLINDA;PE;53130-410;(81)3431-2281
FISIOTOP;M M CAVALCANTE LTDA;3184692;02.887.471/0001-99;RUA TERTULIANO FRANCISCO FEITOSA;80;;CASA CAIADA;260960 - OLINDA;PE;53130-330;(81)3432-3296
FISIOTERAPIA FABIO PONTES;CLINICA DE FISIO FABIO PONTES LTDA ME;9272720;24.011.610/0001-59;DOUTOR MANOEL DE ALMEIDA BELO;823;;BAIRRO NOVO;260960 - OLINDA;PE;53030-030;(81)8803-0706
FISIOSAUDE;G D FISIOTERAPIA LTDA ME;6093418;10.358.365/0001-46;AV DR JOSE AUGUSTO MOREIRA;685;;CASA CAIADA;260960 - OLINDA;PE;53130-410;(81)3492-2695
FISIOLINDA;FISIOLINDA CLINICA DE FISIOTERAPIA DE OLINDA LTDA EPP;3045021;11.723.798/0001-16;CLETO CAMPELO;10;;BAIRRO NOVO;260960 - OLINDA;PE;53030-150;(81)3426-1640
FISIO UP;G D EMPREENDIMENTOS LTDA ME;7556292;18.458.126/0001-70;RUA DR MANOEL DE ALMEIDA BELO;1364;;BAIRRO NOVO;260960 - OLINDA;PE;53030-030;(81)3012-9618
FISIO STUDIO;FISIO STUDIO LTDA;6651631;11.052.077/0001-21;RUA CORONEL JOAO JOAQUIM ANTUNES;171;;BAIRRO NOVO;260960 - OLINDA;PE;53030-140;(81)3429-4755
FISIO CLEAN;PAULA RAFAELA DE SA C COSTA FISIOTERAPIA ME;9437231;29.142.539/0001-67;FAGUNDES VARELA;445;LOJA 009;JARDIM ATLANTICO 1;260960 - OLINDA;PE;53140-080;(81)9755-0020
FISIO ACQUA CENTER;FISIO ACQUA CENTER;3220907;03.290.403/0001-00;AV GOVERNADOR CARLOS DE LIMA CAVALCANTI;2453;;CASA CAIADA;260960 - OLINDA;PE;53130-555;(81)3432-1088
FERNANDO LEAL FERRAZ;CONSULTORIO;5136210;---;AV FERNADES VARELA;493;;JARDIM ATLANTICO;260960 - OLINDA;PE;53140-080;(81)3431-0530
FERNANDA DO REGO MATOS;FERNANDA DO REGO MATOS;3252736;---;AV CARLOS DE LIMA CAVALCANTI;2371;;CASA CAIADA;260960 - OLINDA;PE;53040-000;(81)3432-0357
FARMACIA POPULAR DO BRASIL II;PREFEITURA MUNICIPAL DE OLINDA;6042112;---;AV JOAQUIM NABUCO;S/N;;VARADOURO;260960 - OLINDA;PE;53190-015;(81)3439-0305
FARMACIA POPULAR DO BRASIL I;PREFEITURA MUNICIPAL DE OLINDA;3914305;---;AV GOV CARLOS DE LIMA CAVALCANTE;1710;;CASA CAIADA;260960 - OLINDA;PE;53030-260;(81)3491-0271
FABIO MACHADO DE ANDRADE;FABIO MACHADO DE ANDRADE;3687864;---;AV JOSE AUGUSTO MOREIRA;787;;CASA CAIADA;260960 - OLINDA;PE;53130-410;(81)3432-1270
ESPACO INTEGRADO SER E SAUDE;ESPACO INTEGRADO SER E SAUDE LTDA ME;9010254;21.890.679/0001-01;DOUTOR MANOEL DE ALMEIDA BELO;1184;;BAIRRO NOVO;260960 - OLINDA;PE;53030-030;(81)8821-0558
ELO;EXAMES LABORATORIAIS DE OLINDA;2345250;70.167.804/0001-65;AVENIDA JULES RIMET;403;II ETAPA;RIO DOCE;260960 - OLINDA;PE;53150-590;(81)3491-7693
EDSON LUIS FERRAZ LIMA;EDSON LUIS FERRAZ LIMA;5214467;---;AV FAGUNDES VARELA;950;SALA 105;JARDIM ATLANTICO;260960 - OLINDA;PE;53140-080;--
EDNA MARIA RAPOSO DE AZEVEDO;EDNA MARIA RAPOSO DE AZEVEDO;7362188;---;AVENIDA GOVERNADOR CARLOS DE LIMA CAVALCANTI;2335;SALA 3;CASA CAIADA;260960 - OLINDA;PE;53040-000;--
EDLA MARIA DE AZEREDO COUTINHO BEZERRA;EDLA MARIA DE AZEREDO COUTINHO BEZERRA;6204171;---;AV MIN MARCOS FREIRE;1615;SL 203;BAIRRO NOVO;260960 - OLINDA;PE;53030-000;(81)3429-1699
DR JOAO BATISTA ALBUQUERQUE PEDIATRIA;CONSULTAS PEDIATRICAS ALBUQUERQUE LTDA;6092632;08.878.909/0001-59;AV PRES GETULIO VARGAS;1038;SLS 05 E 06;BAIRRO NOVO;260960 - OLINDA;PE;53030-010;--
DOMINGOS SAVIO DA SILVA DUARTE CONSULTORIO;DOMINGOS SAVIO DA SILVA DUARTE;9282874;---;AVENIDA MINISTRO MARCOS FREIRE;1615;SALA 2013;BAIRRO NOVO;260960 - OLINDA;PE;53030-005;(81)9011-5366
DIVALMA SAMPAIO DE MELO;DIVALMA SAMPAIO DE MELO;5303737;---;AVENIDA MINISTRO MARCOS FREIRE;1615;SALA 02;BAIRRO NOVO;260960 - OLINDA;PE;53130-000;(81)3429-0486
DIMAGEM;MR DIAGNOSTICOS LTDA;2345234;02.644.600/0001-18;AVENIDA SIGISMUNDO GONCALVES;150;;VARADOURO;260960 - OLINDA;PE;53010-240;(81)3429-6714
DIAGTOP;DIAGTOP DIAGNOSTICOS LTDA ME;6836097;13.694.417/0001-43;PRACA 12 DE MARCO;36;SALA 03 E 07;BAIRRO NOVO;260960 - OLINDA;PE;53030-110;--
CRO CENTRO DE REABILITACAO DE OLINDA;PREFEITURA MUNICIPAL DE OLINDA;2344769;---;RUA PROFESSOR CANDIDO PESSOA;1216;;BAIRRO NOVO;260960 - OLINDA;PE;53030-020;(81)3431-6785
CRISTIANE MOREIRA DE QUEIROZ DA LUZ;CRISTIANE MOREIRA DE QUEIROZ DA LUZ;5274095;---;AVENIDA BEIRA MAR;1615;SALA 104;BAIRRO NOVO;260960 - OLINDA;PE;53130-080;(81)3429-1699
CRISTIANA ANDREA DE ALBUQUERQUE LEAO;CRISTIANA ANDREA DE ALBUQUERQUE LEAO;3679705;---;AV JOSE AUGUSTO MOREIRA;787;;CASA CAIADA;260960 - OLINDA;PE;53130-410;(81)3432-1270
CRIO III;CENTRO DE REABILITACAO INFANTIL DE OLINDA;2345226;11.139.839/0003-93;RUA CANDIDO PESSOA;1388;;BAIRRO NOVO;260960 - OLINDA;PE;53030-020;--
CRIO I;CENTRO DE REABILITACAO DE OLINDA;5442389;11.139.839/0001-21;AVENIDA GETULIO VARGAS;1660;;BAIRRO NOVO;260960 - OLINDA;PE;53030-010;(81)3429-0008
COPE;COPE CENTRO OFTALMOLOGICO DE PERNAMBUCO S S LTDA;6748120;08.655.219/0005-64;AV GETULIO VARGAS;1162;;BAIRRO NOVO;260960 - OLINDA;PE;53080-010;--
COO;CENTRO DE ORTOPEDIA E FISIOTERAPIA DE OLINDA LTDA;3421082;04.889.356/0001-89;AV JOSE AUGUSTO MOREIRA;647;;CASA CAIADA;260960 - OLINDA;PE;53130-410;(81)3432-1271
CONSULTORIO PEDIATRICO DRA MARIA DAS GRACAS ARAUJO DA ROCHA;MARIA DAS GRACAS ARAUJO DA ROCHA;9281894;---;RUA JOSE MARIA DE SOUZA DELGADO;63;;SANTA TEREZA;260960 - OLINDA;PE;53010-490;(81)3429-3913
CONSULTORIO ODONTOLOGICO;MILTON DE BRITO LIMA;9419209;---;AVENIDA MINISTRO MARCOS FREIRE;1615;SALA 5C;BAIRRO NOVO;260960 - OLINDA;PE;53030-005;(81)3431-0412
CONSULTORIO NOSSA SENHORA DA CONCEICAO;MARIA DA CONCEICAO FONSECA FERRARI;3287424;---;AV GOVERNADOR CARLOS DE LIMA CAVALANTE;1887;;CASA CAIADA;260960 - OLINDA;PE;53130-545;(81)3432-4655
CONSULTORIO MEDICO SALOMAO SALES COUTO LTDA;CONSULTORIO MEDICO SALOMAO SALES COUTO LTDA;2664062;03.070.056/0002-91;AV MINISTRO MARCOS FREIRE;1615;SALA 03;BAIRRO NOVO;260960 - OLINDA;PE;53030-000;(81)3429-0369
CONSULTORIO DERMATOLOGICO DRA ANGELA RAPELA;ANGELA CRISTINA RAPELA MEDEIROS;3518914;---;AV PRESIDENTE GETUTLIO VARGAS;714;SALA 14;BAIRRO NOVO;260960 - OLINDA;PE;53030-010;(81)3429-6705
CONSULTORIO DE FONOAUDIOLOGIA;MARIA CARLA DE BRITO CAMPOS SOUZA;9115498;---;RUA ASSAI;05;QUADRA B19;OURO PRERO;260960 - OLINDA;PE;53370-470;--
COMUNIDADE TERAPEUTICA DE OLINDA;SANATORIO PSIQUIATRICO DE RECUPERACAO LTDA;2344866;10.588.424/0001-72;AVENIDA JOAQUIM NABUCO;1450;;GUADALUPE;260960 - OLINDA;PE;53240-515;(81)3429-3462
COMPANHIA DO SORRISO;COMPANHIA DO SORRISO LTDA;3518906;02.045.239/0001-03;AV JOSE AUGUSTO MOREIRA;975;CASA 18;CASA CAIADA;260960 - OLINDA;PE;53130-410;(81)3431-0954
CLIPSIN;CLIPSIN CLINICA DE PSICOLOGIA E NEUROPOSICOLOGIA EIRELI;7877781;21.454.507/0002-76;AVENIDA GETULIO VARGAS;1605;SALA 35;BAIRRO NOVO;260960 - OLINDA;PE;53030-010;(81)3493-5186
CLINOPE;CLINICA OFTALMOLOGICA DE PERNAMBUCO;2345196;35.315.993/0002-56;AV GETULIO VARGAS;376;;BAIRRO NOVO;260960 - OLINDA;PE;53030-010;(81)3439-1635
CLINOL;CLINOL CLINICA ODONTOLOGICA DE OLINDA S S LTDA;6519377;08.904.757/0001-11;AV MINISTRO MARCOS FREIRE;1615;SALA 209;BAIRRO NOVO;260960 - OLINDA;PE;53030-010;(81)3432-0903
CLINICA SANTA LUCIA;CENTRO DE SAUDE E BEM ESTAR DA FAMILIA LTDA ME;7161468;14.315.871/0001-09;AVENIDA FAGUNDES VARELA;942;942 A;JARDIM ATLANTICO;260960 - OLINDA;PE;53140-080;--
CLINICA SANTA LUCIA;CLINICA POPULAR JARDIM ATLANTICO;3224740;04.698.329/0001-29;AV GUARARAPES;939;;JARDIM ATLANTICO;260960 - OLINDA;PE;53140-060;(81)3432-1619
CLINICA SANA;CLINICA SANA LTDA;6901514;12.519.409/0001-06;RUA FRANCISCO AMBROSIO DE BARROS LEITE;285;;BAIRRO NOVO;260960 - OLINDA;PE;53030-230;--
CLINICA PSICOTERAPEUTICA;BUARQUE MEDEIROS LTDA;9592903;29.832.021/0001-55;AVENIDA OLINDA DOM HELDER CAMARA;234;SALA 10;SANTA TEREZA;260960 - OLINDA;PE;53010-005;(81)99973-6770
CLINICA MEDICA SAO BENTO;VENTURA SERVICOS MEDICOS LTDA;3184196;04.091.354/0001-40;AV GOV CARLOS DE LIMA CAVALCANTI;1704;;CASA CAIADA;260960 - OLINDA;PE;53040-000;(81)3491-1415
CLINICA MEDICA MARQUES MOREIRA;CLINICA MEDICA MARQUES MOREIRA LTDA;6167764;04.669.465/0001-90;AV MINISTRO MARCOS FREIRE;1615;SALA 211;BAIRRO NOVO;260960 - OLINDA;PE;53030-000;(81)3224-3294
CLINICA FONOAUDIOLOGICA DRA LUCIA M L DA MATA LTDA;CLINICA FONOAUDIOLOGICA DRA LUCIA M L DA MATA LTDA;5497140;03.743.411/0001-65;RUA CEL JOAO MANGUINHO;837;1 ANDAR SALA 05;BAIRRO NOVO;260960 - OLINDA;PE;53030-070;(81)3429-1257
CLINICA ESCOLA DR CARLOS BRANDT FMO;BARROS MELO ENSINO SUPERIOR LTDA;9205152;13.671.759/0002-29;RUA DOUTOR MANOEL DE BARROS LIMA;433;;BAIRRO NOVO;260960 - OLINDA;PE;53030-240;(81)3318-1780
CLINICA DERMATOLOGICA DOUTOR ANDRE REGO;CLINICA DERMATOLOGICA DOUTOR ANDRE REGO LTDA;6366902;05.246.651/0001-80;AV GETULIO VARGAS;632;SL 02;BAIRRO NOVO;260960 - OLINDA;PE;53030-010;(81)3439-1441
CLINICA DA MULHER;CLINICA GINECOLOGICA E OBSTETRA AGUERA TENORIO SABINO LTDA;6287603;02.686.565/0001-08;AV MINISTRO MARCOS FREIRE;1615;SL 306;BAIRRO NOVO;260960 - OLINDA;PE;53030-000;(81)3328-7844
CLINICA BORIS BERENSTEIN;CENTRO DIAGNOSTICO BORIS BERENSTEIN S C LTDA;7642458;12.857.736/0006-74;JOSE AUGUSTO MOREIRA;1183;;CASA CAIADA;260960 - OLINDA;PE;53130-410;(81)3131-6455
CLIN ODONTO;CLIN ODONTOLOGIA ESPECIALIZADA LTDA;6241239;10.589.907/0001-91;AV GETULIO VARGAS;1605;SL 30;BAIRRO NOVO;260960 - OLINDA;PE;53030-010;(81)3051-0536
CLIMERE CLINICA DE MEDICINA EM GRUPO E REABILITACAO LTDA;CLIMERE CLINICA DE MEDICINA EM GRUPO E REABILITACAO LTDA;6956564;04.320.119/0001-00;AVENIDA GOVERNADOR CARLOS DE LIMA CAVALCANTE;2453;SALA 1;BAIRRO NOVO;260960 - OLINDA;PE;53130-555;(81)3432-3897
CLIMEPE;CLIMEPE CLINICA DE MEDICINA PSICOLOGIA E ESP LTDA;6183522;10.314.675/0001-69;AV GOV CARLOS DE LIMA CAVALCANTI;2270;;CASA CAIADA;260960 - OLINDA;PE;53030-260;(81)3074-7201
CLIFOR;CLINICA DE FRATURAS ORTOPEDIA E REABILITACAO DE PE;3240495;03.184.440/0001-34;RUA PROF VALDEVINO WANDERLEY;52;;BAIRRO NOVO;260960 - OLINDA;PE;53030-130;(81)3429-6165
CLIAPSI CLINICA DE AVALIACAO PSICOLOGIA E CONSULTORIA;CLIAPSI CLINICA DE AVALIACAO PSICOLOGICA LTDA;9532862;15.327.840/0001-30;SAO MIGUEL;1012;LOJA A;BAIRRO NOVO;260960 - OLINDA;PE;53030-155;(81)3012-6011
CLAUDECI DANTAS DOMINGUES;CLAUDECI DANTAS DOMINGUES;6044581;---;AV MARCOS FREIRE;1615;SL 302 304;BAIRRO NOVO;260960 - OLINDA;PE;53030-000;(81)3429-1237
CETOP CENTRO DE TERAPIAS ORIENTAIS DE PERNAMBUCO LTDA;CETOP CENTRO DE TERAPIAS ORIENTAIS DE PERNAMBUCO LTDA ME;7648294;19.483.580/0001-43;AVENIDA MINISTRO MARCOS FREIRE;1615;SALA 112;BAIRRO NOVO;260960 - OLINDA;PE;53030-000;(81)3494-6803
CETOL;CENTRO ESPECIALIZADO TERAPIA DE OLINDA LTDA;3220915;02.236.275/0001-54;RUA PINTOR MANUEL BANDEIRA;90;;CASA CAIADA;260960 - OLINDA;PE;53130-270;(81)3431-1573
CETAP CENTRO DE APOIO PSICOLOGICO;CENTRO DE APOIO PSICOLOGICO;7525834;19.140.675/0001-64;AVENIDA PRESIDENTE GETULIO VARGAS;1605;LOJA 37;BAIRRO NOVO;260960 - OLINDA;PE;53030-010;--
CERPE DIAGNOSTICOS OLINDA II;INSTITUTO DE ENDOCRINOLOGIA E MEDICINA NUCLEAR DO RECIFE S A;6676014;10.981.660/0015-50;AV GOVERNADOR CARLOS DE LIMA CAVALCANTI;2249;;CASA CAIADA;260960 - OLINDA;PE;53040-000;--
CERPE CENTRO DE RADIOISOTOPOS E RADIOIMUNOENSAIO DE PE;INSTITUTO DE ENDOCRINOLOGIA E MEDICINA NUCLEAR DO RECIFE LTD;6675948;10.981.660/0007-40;GETULIO VARGAS;1619;;BAIRRO NOVO;260960 - OLINDA;PE;53030-010;--
CERPE;INSTITUTO DE ENDOCRINOLOGIA E MEDICINA NUCLEAR DO RECIFE LTD;3049337;10.981.660/0001-54;RUA MARIA ADELAIDE VIEIRA;88;;PEIXINHOS;260960 - OLINDA;PE;53230-300;(81)3416-9900
CENTROCLIN;CLINICA MEDICA CENTRAL DE OLINDA LTDA ME;9333509;07.644.239/0001-43;BAOBA;35;QUADRA E1;OURO PRETO;260960 - OLINDA;PE;53370-490;(81)3493-4546
CENTRO UROLOGICO DE OLINDA;CENTRO UROLOGICO DE OLINDA ME;5899400;12.860.433/0001-04;DOUTOR JOSE AUGUSTO MOREIRA;647;SALA 08;CASA CAIADA;260960 - OLINDA;PE;53130-410;(81)3429-4632
CENTRO SORRISO;BARROS ODONTOLOGIA LTDA;6169945;10.233.381/0001-02;AV JOSE AUGUSTO MOREIRA;975;CASA 11;CASA CAIADA;260960 - OLINDA;PE;53130-410;(81)3052-2850
CENTRO SAUDE COM;CENTRO SAUDE CLINICA ODONTO MEDICA E LABORATORIAL EIRELI;9492887;24.523.740/0001-70;DO CAENGA;317;SALA 1;SAO BENEDITO;260960 - OLINDA;PE;53210-460;(81)3424-7335
CETOP CENTRO DE TERAPIAS ORIENTAIS DE PERNAMBUCO LTDA;CETOP CENTRO DE TERAPIAS ORIENTAIS DE PERNAMBUCO LTDA ME;7648294;19.483.580/0001-43;AVENIDA MINISTRO MARCOS FREIRE;1615;SALA 112;BAIRRO NOVO;260960 - OLINDA;PE;53030-000;(81)3494-6803
CETOL;CENTRO ESPECIALIZADO TERAPIA DE OLINDA LTDA;3220915;02.236.275/0001-54;RUA PINTOR MANUEL BANDEIRA;90;;CASA CAIADA;260960 - OLINDA;PE;53130-270;(81)3431-1573
CETAP CENTRO DE APOIO PSICOLOGICO;CENTRO DE APOIO PSICOLOGICO;7525834;19.140.675/0001-64;AVENIDA PRESIDENTE GETULIO VARGAS;1605;LOJA 37;BAIRRO NOVO;260960 - OLINDA;PE;53030-010;--
CERPE DIAGNOSTICOS OLINDA II;INSTITUTO DE ENDOCRINOLOGIA E MEDICINA NUCLEAR DO RECIFE S A;6676014;10.981.660/0015-50;AV GOVERNADOR CARLOS DE LIMA CAVALCANTI;2249;;CASA CAIADA;260960 - OLINDA;PE;53040-000;--
CERPE CENTRO DE RADIOISOTOPOS E RADIOIMUNOENSAIO DE PE;INSTITUTO DE ENDOCRINOLOGIA E MEDICINA NUCLEAR DO RECIFE LTD;6675948;10.981.660/0007-40;GETULIO VARGAS;1619;;BAIRRO NOVO;260960 - OLINDA;PE;53030-010;--
CERPE;INSTITUTO DE ENDOCRINOLOGIA E MEDICINA NUCLEAR DO RECIFE LTD;3049337;10.981.660/0001-54;RUA MARIA ADELAIDE VIEIRA;88;;PEIXINHOS;260960 - OLINDA;PE;53230-300;(81)3416-9900
CENTROCLIN;CLINICA MEDICA CENTRAL DE OLINDA LTDA ME;9333509;07.644.239/0001-43;BAOBA;35;QUADRA E1;OURO PRETO;260960 - OLINDA;PE;53370-490;(81)3493-4546
CENTRO UROLOGICO DE OLINDA;CENTRO UROLOGICO DE OLINDA ME;5899400;12.860.433/0001-04;DOUTOR JOSE AUGUSTO MOREIRA;647;SALA 08;CASA CAIADA;260960 - OLINDA;PE;53130-410;(81)3429-4632
CENTRO SORRISO;BARROS ODONTOLOGIA LTDA;6169945;10.233.381/0001-02;AV JOSE AUGUSTO MOREIRA;975;CASA 11;CASA CAIADA;260960 - OLINDA;PE;53130-410;(81)3052-2850
CENTRO SAUDE COM;CENTRO SAUDE CLINICA ODONTO MEDICA E LABORATORIAL EIRELI;9492887;24.523.740/0001-70;DO CAENGA;317;SALA 1;SAO BENEDITO;260960 - OLINDA;PE;53210-460;(81)3424-7335
CARLOS FREDERICO DINIZ BARBOSA;CARLOS FREDERICO DINIZ BARBOSA;6502822;---;AV SIGISMUNDO GONCALVES;262;TERREO;VARADOURO;260960 - OLINDA;PE;53010-240;(81)3429-1704
CARLOS ALBERTO AMARAL BONFIM;CARLOS ALBERTO AMARAL BONFIM;3842134;---;AV MINISTRO MARCOS FREIRE;1615;SALA 303;BAIRRO NOVO;260960 - OLINDA;PE;53030-000;(81)3491-1714
CARDIO NORTE SERVICOS MEDICOS E AMBULATORIAIS LTDA;CARDIO NORTE SERVICOS MEDICOS E AMBULATORIAIS LTDA;3863387;07.755.624/0001-68;AV GETULIO VARGAS;632;;BAIRRO NOVO;260960 - OLINDA;PE;53030-010;(81)3439-1441
CARDIO DIAGNOSTICO;CARDIO DIAGNOSTICO LTDA;3997979;41.025.867/0001-89;AVENIDA GETULIO VARGAS;632;;BAIRRO NOVO;260960 - OLINDA;PE;53030-010;(81)3439-1441
CAPS INFANTOJUVENIL VALERIO MACIEL LEITAO;PREFEITURA MUNICIPAL DE OLINDA;9519017;---;RUA PEREIRA SIMOES;72;;BAIRRO NOVO;260960 - OLINDA;PE;53030-060;--
CAPS AD DR ANTONIO CARLOS ESCOBAR;PREFEITURA MUNICIPAL DE OLINDA;5364353;---;RUA PEREIRA SIMOES;155;;BAIRRO NOVO;260960 - OLINDA;PE;53030-060;--
AUXILIADORA MARIA DE SOUZA MOREIRA;AUXILIADORA MARIA DE SOUZA MOREIRA;5939771;---;AV PRESIDENTE GETULIO VARGAS;1219;SALA 04;BAIRRO NOVO;260960 - OLINDA;PE;53030-010;(81)3053-3553
ATENDO;ATENDO PARTICIPACOES E SERVICOS MEDICOS LTDA;5130026;00.822.082/0003-11;AV GETULIO VARGAS;1157;;BAIRRO NOVO;260960 - OLINDA;PE;53030-010;(81)3221-2727
AR STUDIO PILATES;ANA ROSA BRAGA DE LIRA PILATES ME;7876718;22.100.795/0001-42;AVENIDA GOVERNADOR CARLOS DE LIMA CAVALCANTE;2761;D;CASA CAIADA;260960 - OLINDA;PE;53130-555;(81)8725-9015
